pic_name,pic_title,tags,ref_link,caption
re.brary.jpg,cutomer request,logo-desgin-flyer,#0,Revive your old books
rebrary1.jpg,cutomer request,logo-desgin-flyer,#0,Revive your old books
queen gogo.jpg,ice queen,photoshop,#0,Give your picture another dimension <br>Raise of the ice empire
toty gradution.jpg,celebration,Art-sketch,#0,Learn and have fun
bookuet.jpg,love is reading,logo-love-desgin-flyer,#0,Find your passion through reading
bookeut logo.jpg,love is reading,logo-love-desgin-flyer,#0,Find your passion through reading
dobi cover.jpg,words face,photoshop,#0,Words face says all
Arwa drawing.jpg,words face,photoshop,#0,Words face says all
Arwa drawing frame.png,words face,photoshop,#0,Words face says all
